link,keyword,title,company,company_link,date
https://ph.linkedin.com/jobs/view/qa-qc-engineer-at-filinvest-development-corporation-3667997744?refId=UEMuM06FHziMghHVtdtg2w%3D%3D&trackingId=F4JIGpUjPPOusBoMKh9S0g%3D%3D&position=1&pageNum=0&trk=public_jobs_jserp-result_search-card,testing and quality assurance,QA/QC Engineer,Filinvest Development Corporation,https://ph.linkedin.com/company/filinvestgroup?trk=public_jobs_jserp-result_job-search-card-subtitle,2023-07-19
https://ph.linkedin.com/jobs/view/qa-tester-at-cyfle-3683246427?refId=UEMuM06FHziMghHVtdtg2w%3D%3D&trackingId=0Gg07k%2FeDDCvJxmoZG9nUw%3D%3D&position=2&pageNum=0&trk=public_jobs_jserp-result_search-card,testing and quality assurance,QA Tester,Cyfle,https://ph.linkedin.com/company/cyflehrs?trk=public_jobs_jserp-result_job-search-card-subtitle,2023-07-19
https://ph.linkedin.com/jobs/view/ecommerce-qa-test-lead-%E2%80%93-work-from-home-%E2%80%93-mid-shift-at-filta-3710584320?refId=UEMuM06FHziMghHVtdtg2w%3D%3D&trackingId=3ZGQYLZJvtdtuLMUZml87A%3D%3D&position=3&pageNum=0&trk=public_jobs_jserp-result_search-card,testing and quality assurance,eCommerce QA Test Lead – Work from Home – Mid-Shift,Filta.,https://au.linkedin.com/company/filta?trk=public_jobs_jserp-result_job-search-card-subtitle,2023-09-08
https://ph.linkedin.com/jobs/view/manual-qa-analyst-at-xurpas-inc-3683583743?refId=UEMuM06FHziMghHVtdtg2w%3D%3D&trackingId=YeDbnvX8WFJ3YOPTv%2FaS%2Bw%3D%3D&position=4&pageNum=0&trk=public_jobs_jserp-result_search-card,testing and quality assurance,Manual QA Analyst,"Xurpas, Inc.",https://ph.linkedin.com/company/xurpas-inc.?trk=public_jobs_jserp-result_job-search-card-subtitle,2023-08-04
https://ph.linkedin.com/jobs/view/qa-tester-at-questronix-corporation-3711071278?refId=UEMuM06FHziMghHVtdtg2w%3D%3D&trackingId=oGvBHdtFD2%2B%2FM5Xd16rWKA%3D%3D&position=5&pageNum=0&trk=public_jobs_jserp-result_search-card,testing and quality assurance,QA Tester,Questronix Corporation,https://ph.linkedin.com/company/questronixcorp?trk=public_jobs_jserp-result_job-search-card-subtitle,2023-09-04
https://ph.linkedin.com/jobs/view/qa-tester-at-questronix-corporation-3675959173?refId=UEMuM06FHziMghHVtdtg2w%3D%3D&trackingId=nE%2Fl9qRroJnT0krg6CEyqQ%3D%3D&position=6&pageNum=0&trk=public_jobs_jserp-result_search-card,testing and quality assurance,QA Tester,Questronix Corporation,https://ph.linkedin.com/company/questronixcorp?trk=public_jobs_jserp-result_job-search-card-subtitle,2023-07-26
https://ph.linkedin.com/jobs/view/quality-assurance-analyst-at-kwanii-3687771409?refId=UEMuM06FHziMghHVtdtg2w%3D%3D&trackingId=yyLlzsORXYL2hTqzxCwL3w%3D%3D&position=7&pageNum=0&trk=public_jobs_jserp-result_search-card,testing and quality assurance,Quality Assurance Analyst,Kwanii,https://au.linkedin.com/company/kwanii?trk=public_jobs_jserp-result_job-search-card-subtitle,2023-08-07
https://ph.linkedin.com/jobs/view/head-of-quality-assurance-at-bdo-unibank-3677671820?refId=UEMuM06FHziMghHVtdtg2w%3D%3D&trackingId=4gCxfH68R9KbHRXmqtrloQ%3D%3D&position=8&pageNum=0&trk=public_jobs_jserp-result_search-card,testing and quality assurance,Head of Quality Assurance,BDO Unibank,https://ph.linkedin.com/company/bdo-unibank?trk=public_jobs_jserp-result_job-search-card-subtitle,2023-08-30
https://ph.linkedin.com/jobs/view/senior-qa-analyst-at-xam-consulting-3430527674?refId=UEMuM06FHziMghHVtdtg2w%3D%3D&trackingId=3aRCgBduClmxfZN8hmWgEw%3D%3D&position=9&pageNum=0&trk=public_jobs_jserp-result_search-card,testing and quality assurance,Senior QA Analyst,XAM Consulting,https://au.linkedin.com/company/xam-limited?trk=public_jobs_jserp-result_job-search-card-subtitle,2022-12-18
https://ph.linkedin.com/jobs/view/sr-software-qa-tester-at-questronix-corporation-3648739906?refId=UEMuM06FHziMghHVtdtg2w%3D%3D&trackingId=XzVHNCyC03MsRw17OJPrtQ%3D%3D&position=10&pageNum=0&trk=public_jobs_jserp-result_search-card,testing and quality assurance,Sr. Software QA Tester,Questronix Corporation,https://ph.linkedin.com/company/questronixcorp?trk=public_jobs_jserp-result_job-search-card-subtitle,2023-06-27
https://ph.linkedin.com/jobs/view/quality-assurance-analyst-manual-at-infor-3705709065?refId=UEMuM06FHziMghHVtdtg2w%3D%3D&trackingId=Rc5DMQLCF81BcQT0BK0Zfg%3D%3D&position=11&pageNum=0&trk=public_jobs_jserp-result_search-card,testing and quality assurance,Quality Assurance Analyst - Manual,Infor,https://www.linkedin.com/company/infor?trk=public_jobs_jserp-result_job-search-card-subtitle,2023-08-12
https://ph.linkedin.com/jobs/view/qa-test-lead-100%25-remote-full-time-contract-at-peopleplustech-inc-3682838601?refId=UEMuM06FHziMghHVtdtg2w%3D%3D&trackingId=0xOGakSnmlbanJpGOf70zA%3D%3D&position=12&pageNum=0&trk=public_jobs_jserp-result_search-card,testing and quality assurance,"QA Test Lead (100%-Remote, Full-time Contract)",PeoplePlusTech Inc.,https://ph.linkedin.com/company/peopleplustech?trk=public_jobs_jserp-result_job-search-card-subtitle,2023-08-02
https://ph.linkedin.com/jobs/view/quality-assurance-qa-manager-at-world-class-laminate-3710288964?refId=UEMuM06FHziMghHVtdtg2w%3D%3D&trackingId=6dczalWhd7WAcgds%2BA6jTA%3D%3D&position=13&pageNum=0&trk=public_jobs_jserp-result_search-card,testing and quality assurance,Quality Assurance (QA) Manager,World Class Laminate,https://ph.linkedin.com/company/world-class-laminate?trk=public_jobs_jserp-result_job-search-card-subtitle,2023-09-01
https://ph.linkedin.com/jobs/view/quality-supervisor-at-syngenta-3711181360?refId=UEMuM06FHziMghHVtdtg2w%3D%3D&trackingId=P%2FeZq1Qnj7cFp%2FWdA1IQ%2BA%3D%3D&position=14&pageNum=0&trk=public_jobs_jserp-result_search-card,testing and quality assurance,Quality Supervisor,Syngenta,https://ch.linkedin.com/company/syngenta?trk=public_jobs_jserp-result_job-search-card-subtitle,2023-09-06
https://ph.linkedin.com/jobs/view/automation-tester-postman-homebased-1851276671-at-outsourced-3701824109?refId=UEMuM06FHziMghHVtdtg2w%3D%3D&trackingId=ag68on8IS92SjDRrofholw%3D%3D&position=15&pageNum=0&trk=public_jobs_jserp-result_search-card,testing and quality assurance,Automation Tester - Postman (Homebased 1851276671),Outsourced,https://ph.linkedin.com/company/outsourced-quality-assured-services?trk=public_jobs_jserp-result_job-search-card-subtitle,2023-09-02
https://ph.linkedin.com/jobs/view/it-support-analyst-saudi-arabia-at-eram-talent-3712645648?refId=emCdHeIHpKmSUszloLKiyQ%3D%3D&trackingId=On3ArnTwOmKs3un0AVEZXg%3D%3D&position=1&pageNum=0&trk=public_jobs_jserp-result_search-card,networking and infrastructure,IT Support Analyst (Saudi Arabia),Eram Talent,https://sa.linkedin.com/company/eramtalent?trk=public_jobs_jserp-result_job-search-card-subtitle,2023-09-07
https://ph.linkedin.com/jobs/view/quality-assurance-and-product-specialist-at-foodbyus-3695954350?refId=UEMuM06FHziMghHVtdtg2w%3D%3D&trackingId=%2FXFxHwdSKctUOOFDf2aApg%3D%3D&position=16&pageNum=0&trk=public_jobs_jserp-result_search-card,testing and quality assurance,Quality Assurance and Product Specialist,FoodByUs,https://au.linkedin.com/company/foodbyus-pty-ltd?trk=public_jobs_jserp-result_job-search-card-subtitle,2023-08-20
https://ph.linkedin.com/jobs/view/senior-qa-engineer-at-one-coredev-it-core-3682305368?refId=UEMuM06FHziMghHVtdtg2w%3D%3D&trackingId=d9KnZNiYYLqkPPeVkPyd0w%3D%3D&position=17&pageNum=0&trk=public_jobs_jserp-result_search-card,testing and quality assurance,Senior QA Engineer,One CoreDev IT (CORE),https://ph.linkedin.com/company/onecoredevit?trk=public_jobs_jserp-result_job-search-card-subtitle,2023-08-02
https://ph.linkedin.com/jobs/view/qa-engineer-at-boundless-immigration-3658125935?refId=UEMuM06FHziMghHVtdtg2w%3D%3D&trackingId=VEbMnrn7k5ApyS5Dbb%2BPPg%3D%3D&position=18&pageNum=0&trk=public_jobs_jserp-result_search-card,testing and quality assurance,QA Engineer,Boundless Immigration,https://www.linkedin.com/company/boundless-immigration?trk=public_jobs_jserp-result_job-search-card-subtitle,2023-09-10
https://ph.linkedin.com/jobs/view/quality-assurance-analyst-at-barhead-solutions-3689284620?refId=UEMuM06FHziMghHVtdtg2w%3D%3D&trackingId=7mOHBV2oXHCaph%2B9L6Ts7Q%3D%3D&position=19&pageNum=0&trk=public_jobs_jserp-result_search-card,testing and quality assurance,Quality Assurance Analyst,Barhead Solutions,https://au.linkedin.com/company/barhead-solutions?trk=public_jobs_jserp-result_job-search-card-subtitle,2023-09-06
https://ph.linkedin.com/jobs/view/qa-lead-at-champ-cargosystems-3714768721?refId=UEMuM06FHziMghHVtdtg2w%3D%3D&trackingId=K49zWojiOglVCfRSbzW87Q%3D%3D&position=20&pageNum=0&trk=public_jobs_jserp-result_search-card,testing and quality assurance,QA Lead,CHAMP Cargosystems,https://lu.linkedin.com/company/champ-cargosystems?trk=public_jobs_jserp-result_job-search-card-subtitle,2023-09-08
https://ph.linkedin.com/jobs/view/it-manager-at-inquirer-net-3695205331?refId=emCdHeIHpKmSUszloLKiyQ%3D%3D&trackingId=IuwO7in7ZXVxpYIVevev6Q%3D%3D&position=2&pageNum=0&trk=public_jobs_jserp-result_search-card,networking and infrastructure,IT Manager,INQUIRER.net,https://ph.linkedin.com/company/inquirerdotnet?trk=public_jobs_jserp-result_job-search-card-subtitle,2023-08-16
https://ph.linkedin.com/jobs/view/it-infrastructure-administrator-at-gardenia-bakeries-philippines-inc-3702385127?refId=emCdHeIHpKmSUszloLKiyQ%3D%3D&trackingId=BlTH%2Bq8dS8xO6%2Bk3RsaEiw%3D%3D&position=3&pageNum=0&trk=public_jobs_jserp-result_search-card,networking and infrastructure,IT Infrastructure Administrator,"Gardenia Bakeries (Philippines), Inc.",https://ph.linkedin.com/company/gbpi-careers?trk=public_jobs_jserp-result_job-search-card-subtitle,2023-08-03
https://ph.linkedin.com/jobs/view/senior-engineer-telecommunication-i-at-eram-talent-3718632454?refId=emCdHeIHpKmSUszloLKiyQ%3D%3D&trackingId=Xa0iwrsBViL4Ixs0aLZaNQ%3D%3D&position=4&pageNum=0&trk=public_jobs_jserp-result_search-card,networking and infrastructure,Senior Engineer(Telecommunication) - I,Eram Talent,https://sa.linkedin.com/company/eramtalent?trk=public_jobs_jserp-result_job-search-card-subtitle,2023-09-12
https://ph.linkedin.com/jobs/view/system-administrator-remote-at-love-bonito-3584459648?refId=emCdHeIHpKmSUszloLKiyQ%3D%3D&trackingId=GIXzEFLzDNjKocGhmVaB%2BQ%3D%3D&position=5&pageNum=0&trk=public_jobs_jserp-result_search-card,networking and infrastructure,System Administrator(REMOTE),"Love, Bonito",https://sg.linkedin.com/company/lovebonito?trk=public_jobs_jserp-result_job-search-card-subtitle,2023-04-24
https://ph.linkedin.com/jobs/view/qa-automation-lead-at-perch-3667909471?refId=UEMuM06FHziMghHVtdtg2w%3D%3D&trackingId=bnsKbKH37NrkbDWHCCrpHA%3D%3D&position=21&pageNum=0&trk=public_jobs_jserp-result_search-card,testing and quality assurance,QA Automation Lead,Perch,https://www.linkedin.com/company/perchhq?trk=public_jobs_jserp-result_job-search-card-subtitle,2023-06-23
https://ph.linkedin.com/jobs/view/software-quality-assurance-specialist-work-from-home-at-mashup-garage-3703224802?refId=UEMuM06FHziMghHVtdtg2w%3D%3D&trackingId=3oR%2FyaYLjaswJnjsyXkX5w%3D%3D&position=22&pageNum=0&trk=public_jobs_jserp-result_search-card,testing and quality assurance,Software Quality Assurance Specialist | Work from home,Mashup Garage,https://ph.linkedin.com/company/mashupgarage?trk=public_jobs_jserp-result_job-search-card-subtitle,2023-08-24
https://ph.linkedin.com/jobs/view/software-qa-engineer-at-questronix-corporation-3711941704?refId=UEMuM06FHziMghHVtdtg2w%3D%3D&trackingId=S2kytOcfXQwEAmwKC4VBew%3D%3D&position=23&pageNum=0&trk=public_jobs_jserp-result_search-card,testing and quality assurance,Software QA Engineer,Questronix Corporation,https://ph.linkedin.com/company/questronixcorp?trk=public_jobs_jserp-result_job-search-card-subtitle,2023-09-05
https://ph.linkedin.com/jobs/view/network-engineer-at-questronix-corporation-3632078936?refId=emCdHeIHpKmSUszloLKiyQ%3D%3D&trackingId=vGvMDpQIv54BPw7c3oL8Yw%3D%3D&position=6&pageNum=0&trk=public_jobs_jserp-result_search-card,networking and infrastructure,Network Engineer,Questronix Corporation,https://ph.linkedin.com/company/questronixcorp?trk=public_jobs_jserp-result_job-search-card-subtitle,2023-06-09
https://ph.linkedin.com/jobs/view/it-systems-engineer-at-kwanii-3702455583?refId=emCdHeIHpKmSUszloLKiyQ%3D%3D&trackingId=O7Z3WZWBRvOt11KvRy9AGA%3D%3D&position=7&pageNum=0&trk=public_jobs_jserp-result_search-card,networking and infrastructure,IT Systems Engineer,Kwanii,https://au.linkedin.com/company/kwanii?trk=public_jobs_jserp-result_job-search-card-subtitle,2023-08-23
https://ph.linkedin.com/jobs/view/it-support-engineer-onsite-at-eastvantage-3680451352?refId=emCdHeIHpKmSUszloLKiyQ%3D%3D&trackingId=znNHr4IzaJm6bDmQKGO%2BvA%3D%3D&position=8&pageNum=0&trk=public_jobs_jserp-result_search-card,networking and infrastructure,IT Support Engineer | Onsite,Eastvantage,https://ph.linkedin.com/company/eastvantage?trk=public_jobs_jserp-result_job-search-card-subtitle,2023-07-05
https://ph.linkedin.com/jobs/view/data-analyst-makati-at-medgrocer-3719161680?refId=xyg2KwZoKJC2pzS8xcSJIA%3D%3D&trackingId=1tNS8IPkNxAYv%2BUMcwmaEQ%3D%3D&position=1&pageNum=0&trk=public_jobs_jserp-result_search-card,data and analytics,Data Analyst | Makati,MedGrocer,https://ph.linkedin.com/company/medgrocer?trk=public_jobs_jserp-result_job-search-card-subtitle,2023-09-12
https://ph.linkedin.com/jobs/view/software-qa-engineer-at-paymongo-3653242822?refId=UEMuM06FHziMghHVtdtg2w%3D%3D&trackingId=%2BWy7fhlv7zXjeQYnRtWotA%3D%3D&position=24&pageNum=0&trk=public_jobs_jserp-result_search-card,testing and quality assurance,Software QA Engineer,PayMongo,https://ph.linkedin.com/company/paymongo?trk=public_jobs_jserp-result_job-search-card-subtitle,2023-07-07
https://ph.linkedin.com/jobs/view/it-qa-test-lead-retail-at-vita-green-3700257942?refId=UEMuM06FHziMghHVtdtg2w%3D%3D&trackingId=IVIvjY6udzpzFBM4gzWVqA%3D%3D&position=25&pageNum=0&trk=public_jobs_jserp-result_search-card,testing and quality assurance,IT QA Test Lead - Retail,Vita Green,https://hk.linkedin.com/company/vita-green-health-products-com.-ltd.?trk=public_jobs_jserp-result_job-search-card-subtitle,2023-08-25
https://ph.linkedin.com/jobs/view/it-support-engineer-at-technologyadvice-3694296079?refId=emCdHeIHpKmSUszloLKiyQ%3D%3D&trackingId=N52229VqdG3tsUcjV1bJrg%3D%3D&position=9&pageNum=0&trk=public_jobs_jserp-result_search-card,networking and infrastructure,IT Support Engineer,TechnologyAdvice,https://www.linkedin.com/company/technologyadvice?trk=public_jobs_jserp-result_job-search-card-subtitle,2023-08-18
https://ph.linkedin.com/jobs/view/network-administrator-onsite-makati-at-eastvantage-3680447292?refId=emCdHeIHpKmSUszloLKiyQ%3D%3D&trackingId=6VGoWYNKLiV917sZaLe9sA%3D%3D&position=10&pageNum=0&trk=public_jobs_jserp-result_search-card,networking and infrastructure,Network Administrator | Onsite | Makati,Eastvantage,https://ph.linkedin.com/company/eastvantage?trk=public_jobs_jserp-result_job-search-card-subtitle,2023-07-05
https://ph.linkedin.com/jobs/view/data-analyst-at-megaworld-corporation-3428111312?refId=xyg2KwZoKJC2pzS8xcSJIA%3D%3D&trackingId=E1hlHqXk2RVIJzOzRrY25w%3D%3D&position=2&pageNum=0&trk=public_jobs_jserp-result_search-card,data and analytics,Data Analyst,Megaworld Corporation,https://ph.linkedin.com/company/megaworld-corp?trk=public_jobs_jserp-result_job-search-card-subtitle,2022-12-16
https://ph.linkedin.com/jobs/view/reporting-and-analytics-specialist-business-intelligence-at-shopee-3689152723?refId=xyg2KwZoKJC2pzS8xcSJIA%3D%3D&trackingId=K9ikNrHy89w3Df2BRnyivA%3D%3D&position=3&pageNum=0&trk=public_jobs_jserp-result_search-card,data and analytics,"Reporting and Analytics Specialist, Business Intelligence",Shopee,https://sg.linkedin.com/company/shopee?trk=public_jobs_jserp-result_job-search-card-subtitle,2023-08-30
https://ph.linkedin.com/jobs/view/jr-web-analytics-specialist-at-inquirer-net-3695204371?refId=xyg2KwZoKJC2pzS8xcSJIA%3D%3D&trackingId=Ze5SqlVPERfc5cukZ242%2Bg%3D%3D&position=4&pageNum=0&trk=public_jobs_jserp-result_search-card,data and analytics,Jr Web Analytics Specialist,INQUIRER.net,https://ph.linkedin.com/company/inquirerdotnet?trk=public_jobs_jserp-result_job-search-card-subtitle,2023-08-16
https://ph.linkedin.com/jobs/view/business-analyst-at-cebu-pacific-air-3685645072?refId=BTnRmlLO2YTZ8QJDkTaLCA%3D%3D&trackingId=GTXpZ8gKBtcT72lZKnNfGQ%3D%3D&position=1&pageNum=0&trk=public_jobs_jserp-result_search-card,software development,Business Analyst,Cebu Pacific Air,https://ph.linkedin.com/company/cebupacificair?trk=public_jobs_jserp-result_job-search-card-subtitle,2023-08-26
https://ph.linkedin.com/jobs/view/it-helpdesk-analyst-l2-onsite-at-eastvantage-3596708462?refId=emCdHeIHpKmSUszloLKiyQ%3D%3D&trackingId=VRSRmMulDbqua%2B9VlbGzJQ%3D%3D&position=11&pageNum=0&trk=public_jobs_jserp-result_search-card,networking and infrastructure,IT Helpdesk Analyst L2 | Onsite,Eastvantage,https://ph.linkedin.com/company/eastvantage?trk=public_jobs_jserp-result_job-search-card-subtitle,2023-04-08
https://ph.linkedin.com/jobs/view/junior-it-support-onsite-ortigas-pasig-at-baytech-bpo-corporation-3709506252?refId=emCdHeIHpKmSUszloLKiyQ%3D%3D&trackingId=q0sWzAgaeiVwBnA1kxtRdg%3D%3D&position=12&pageNum=0&trk=public_jobs_jserp-result_search-card,networking and infrastructure,"Junior IT Support  | Onsite | Ortigas, Pasig",Baytech BPO Corporation,https://ph.linkedin.com/company/baytechbpocorporation?trk=public_jobs_jserp-result_job-search-card-subtitle,2023-08-31
https://ph.linkedin.com/jobs/view/it-helpdesk-analyst-l2-at-eastvantage-3680451297?refId=emCdHeIHpKmSUszloLKiyQ%3D%3D&trackingId=lPR8wxD4sSfHhJ9C5bxTVQ%3D%3D&position=13&pageNum=0&trk=public_jobs_jserp-result_search-card,networking and infrastructure,IT Helpdesk Analyst L2,Eastvantage,https://ph.linkedin.com/company/eastvantage?trk=public_jobs_jserp-result_job-search-card-subtitle,2023-07-05
https://ph.linkedin.com/jobs/view/data-analyst-at-jg-summit-holdings-inc-3590310751?refId=xyg2KwZoKJC2pzS8xcSJIA%3D%3D&trackingId=7nG27KOhoqPkqtcW9LS8Iw%3D%3D&position=5&pageNum=0&trk=public_jobs_jserp-result_search-card,data and analytics,Data Analyst,JG Summit Holdings Inc.,https://ph.linkedin.com/company/jgshi?trk=public_jobs_jserp-result_job-search-card-subtitle,2023-04-03
https://ph.linkedin.com/jobs/view/data-analyst-hybrid-at-sprout-solutions-3667137470?refId=xyg2KwZoKJC2pzS8xcSJIA%3D%3D&trackingId=FFZ4FkQPtSeFNxYpnkyFMA%3D%3D&position=6&pageNum=0&trk=public_jobs_jserp-result_search-card,data and analytics,Data Analyst (Hybrid),Sprout Solutions,https://ph.linkedin.com/company/sprouthrtech?trk=public_jobs_jserp-result_job-search-card-subtitle,2023-06-22
https://ph.linkedin.com/jobs/view/google-analytics-assistant-at-growthassistant-3662324896?refId=xyg2KwZoKJC2pzS8xcSJIA%3D%3D&trackingId=IwYeNFV9WlHfj0ntdEdBpw%3D%3D&position=7&pageNum=0&trk=public_jobs_jserp-result_search-card,data and analytics,Google Analytics Assistant,GrowthAssistant,https://www.linkedin.com/company/growth-assistant?trk=public_jobs_jserp-result_job-search-card-subtitle,2023-06-18
https://ph.linkedin.com/jobs/view/junior-software-developer-at-blackfort-consulting-inc-3713176274?refId=BTnRmlLO2YTZ8QJDkTaLCA%3D%3D&trackingId=uVmqud1%2FdWVvBVmcYh9YFg%3D%3D&position=2&pageNum=0&trk=public_jobs_jserp-result_search-card,software development,Junior Software Developer,Blackfort Consulting Inc.,https://ph.linkedin.com/company/blackfort-consulting-inc?trk=public_jobs_jserp-result_job-search-card-subtitle,2023-09-05
https://ph.linkedin.com/jobs/view/software-engineer-makati-at-medgrocer-3695203599?refId=BTnRmlLO2YTZ8QJDkTaLCA%3D%3D&trackingId=FZBilkzeBDNqJvFYXiMo8Q%3D%3D&position=3&pageNum=0&trk=public_jobs_jserp-result_search-card,software development,Software Engineer | Makati,MedGrocer,https://ph.linkedin.com/company/medgrocer?trk=public_jobs_jserp-result_job-search-card-subtitle,2023-08-16
https://ph.linkedin.com/jobs/view/full-stack-developer-at-jg-summit-holdings-inc-3718631577?refId=BTnRmlLO2YTZ8QJDkTaLCA%3D%3D&trackingId=LXzz8HzNli06o8aGDg0eDw%3D%3D&position=4&pageNum=0&trk=public_jobs_jserp-result_search-card,software development,Full Stack Developer,JG Summit Holdings Inc.,https://ph.linkedin.com/company/jgshi?trk=public_jobs_jserp-result_job-search-card-subtitle,2023-09-12
https://ph.linkedin.com/jobs/view/junior-software-engineer-at-likha-it-inc-3719999128?refId=BTnRmlLO2YTZ8QJDkTaLCA%3D%3D&trackingId=RIpidFAzyuWO0jIAmkdYnw%3D%3D&position=5&pageNum=0&trk=public_jobs_jserp-result_search-card,software development,Junior Software Engineer,Likha-iT Inc.,https://ph.linkedin.com/company/likha-it-inc?trk=public_jobs_jserp-result_job-search-card-subtitle,2023-09-13
https://ph.linkedin.com/jobs/view/it-infrastructure-at-icareerup-inc-3662632463?refId=emCdHeIHpKmSUszloLKiyQ%3D%3D&trackingId=ly3b7kG7wO9v4XMXzt7JHg%3D%3D&position=14&pageNum=0&trk=public_jobs_jserp-result_search-card,networking and infrastructure,IT Infrastructure,"ICAREERUP, INC.",https://www.linkedin.com/company/icareerup-inc-?trk=public_jobs_jserp-result_job-search-card-subtitle,2023-07-12
https://ph.linkedin.com/jobs/view/it-administrator-at-edamama-3707383299?refId=emCdHeIHpKmSUszloLKiyQ%3D%3D&trackingId=EcZTEWly5DzO8ffrtawXbg%3D%3D&position=15&pageNum=0&trk=public_jobs_jserp-result_search-card,networking and infrastructure,IT Administrator,edamama,https://ph.linkedin.com/company/edamamaco?trk=public_jobs_jserp-result_job-search-card-subtitle,2023-09-01
https://ph.linkedin.com/jobs/view/data-analytics-associate-at-aux-3634209090?refId=xyg2KwZoKJC2pzS8xcSJIA%3D%3D&trackingId=1if1IZlWv5zTn4ai4n7ujQ%3D%3D&position=8&pageNum=0&trk=public_jobs_jserp-result_search-card,data and analytics,Data Analytics Associate,Aux,https://www.linkedin.com/company/aux-hq?trk=public_jobs_jserp-result_job-search-card-subtitle,2023-06-12
https://ph.linkedin.com/jobs/view/data-analyst-at-angkas-3636260800?refId=xyg2KwZoKJC2pzS8xcSJIA%3D%3D&trackingId=ayuybqalgx1G3cKYEN%2F0BA%3D%3D&position=9&pageNum=0&trk=public_jobs_jserp-result_search-card,data and analytics,Data Analyst,Angkas,https://ph.linkedin.com/company/dbdoyc?trk=public_jobs_jserp-result_job-search-card-subtitle,2023-06-14
https://ph.linkedin.com/jobs/view/data-analyst-at-csv-now-3667193854?refId=xyg2KwZoKJC2pzS8xcSJIA%3D%3D&trackingId=OPN94%2B2Gv9DWRPQkxboJUw%3D%3D&position=10&pageNum=0&trk=public_jobs_jserp-result_search-card,data and analytics,Data Analyst,CSV Now,https://www.linkedin.com/company/csvnow?trk=public_jobs_jserp-result_job-search-card-subtitle,2023-06-22
https://ph.linkedin.com/jobs/view/analytics-portfolio-monitoring-officer-at-maybank-3704841508?refId=xyg2KwZoKJC2pzS8xcSJIA%3D%3D&trackingId=uQcFyV%2Be5ouCUSSgQz9HJA%3D%3D&position=11&pageNum=0&trk=public_jobs_jserp-result_search-card,data and analytics,Analytics & Portfolio Monitoring Officer,Maybank,https://my.linkedin.com/company/maybank?trk=public_jobs_jserp-result_job-search-card-subtitle,2023-09-04
https://ph.linkedin.com/jobs/view/software-engineer-full-stack-javascript-remote-at-magic-3719407718?refId=BTnRmlLO2YTZ8QJDkTaLCA%3D%3D&trackingId=6s8a2z%2BFXyNVxFh44nlwhg%3D%3D&position=6&pageNum=0&trk=public_jobs_jserp-result_search-card,software development,Software Engineer (Full Stack Javascript) - Remote,Magic,https://www.linkedin.com/company/get-magic-now?trk=public_jobs_jserp-result_job-search-card-subtitle,2023-09-13
https://ph.linkedin.com/jobs/view/full-stack-developer-at-bell-kenz-pharma-inc-3695199926?refId=BTnRmlLO2YTZ8QJDkTaLCA%3D%3D&trackingId=WzxYzSFaECnlA8RUw2Pdxg%3D%3D&position=7&pageNum=0&trk=public_jobs_jserp-result_search-card,software development,Full Stack Developer,"Bell-Kenz Pharma, Inc.",https://ph.linkedin.com/company/bellkenzpharmainc?trk=public_jobs_jserp-result_job-search-card-subtitle,2023-08-16
https://ph.linkedin.com/jobs/view/product-development-engineer-at-toyota-motor-philippines-corporation-3695204454?refId=BTnRmlLO2YTZ8QJDkTaLCA%3D%3D&trackingId=g09D9gN%2FA%2Bub3BJq4SRkMA%3D%3D&position=8&pageNum=0&trk=public_jobs_jserp-result_search-card,software development,Product Development Engineer,Toyota Motor Philippines Corporation,https://ph.linkedin.com/company/toyota-motor-philippines-corporation?trk=public_jobs_jserp-result_job-search-card-subtitle,2023-08-16
https://ph.linkedin.com/jobs/view/software-engineer-at-paymongo-3636556640?refId=BTnRmlLO2YTZ8QJDkTaLCA%3D%3D&trackingId=bQMeAWnawW%2BwkfcCeVk2Ng%3D%3D&position=9&pageNum=0&trk=public_jobs_jserp-result_search-card,software development,Software Engineer,PayMongo,https://ph.linkedin.com/company/paymongo?trk=public_jobs_jserp-result_job-search-card-subtitle,2023-06-20
https://ph.linkedin.com/jobs/view/product-development-engineer-at-toyota-motor-philippines-corporation-3687074140?refId=BTnRmlLO2YTZ8QJDkTaLCA%3D%3D&trackingId=g1drdG%2F4uFeC3EjOGz1%2BHA%3D%3D&position=10&pageNum=0&trk=public_jobs_jserp-result_search-card,software development,Product Development Engineer,Toyota Motor Philippines Corporation,https://ph.linkedin.com/company/toyota-motor-philippines-corporation?trk=public_jobs_jserp-result_job-search-card-subtitle,2023-08-08
https://ph.linkedin.com/jobs/view/server-administrator-onsite-makati-at-eastvantage-3597137413?refId=emCdHeIHpKmSUszloLKiyQ%3D%3D&trackingId=T2sOn325JVo6TwGAhX8T2A%3D%3D&position=16&pageNum=0&trk=public_jobs_jserp-result_search-card,networking and infrastructure,Server Administrator | Onsite | Makati,Eastvantage,https://ph.linkedin.com/company/eastvantage?trk=public_jobs_jserp-result_job-search-card-subtitle,2023-04-09
https://ph.linkedin.com/jobs/view/it-assistant-manager-infrastructure-at-nutriasia-3705189895?refId=emCdHeIHpKmSUszloLKiyQ%3D%3D&trackingId=zklr7SLSqplvdCa91rrKKA%3D%3D&position=17&pageNum=0&trk=public_jobs_jserp-result_search-card,networking and infrastructure,IT Assistant Manager | Infrastructure,NutriAsia,https://ph.linkedin.com/company/nutriasia?trk=public_jobs_jserp-result_job-search-card-subtitle,2023-08-26
https://ph.linkedin.com/jobs/view/reporting-data-analytics-intern-at-kenvue-3713769404?refId=xyg2KwZoKJC2pzS8xcSJIA%3D%3D&trackingId=6dX%2BX5tnNfWpwfcQt62XCA%3D%3D&position=12&pageNum=0&trk=public_jobs_jserp-result_search-card,data and analytics,Reporting & Data Analytics Intern,Kenvue,https://www.linkedin.com/company/kenvue?trk=public_jobs_jserp-result_job-search-card-subtitle,2023-09-06
https://ph.linkedin.com/jobs/view/business-data-analyst-tableau-at-newrich-network-3719169160?refId=xyg2KwZoKJC2pzS8xcSJIA%3D%3D&trackingId=mhHwwjstZMK4KePH%2BZipJg%3D%3D&position=13&pageNum=0&trk=public_jobs_jserp-result_search-card,data and analytics,Business Data Analyst - Tableau,NewRich Network,https://ca.linkedin.com/company/newrich-network?trk=public_jobs_jserp-result_job-search-card-subtitle,2023-09-12
https://ph.linkedin.com/jobs/view/technical-business-analyst-at-mcdonald-s-philippines-golden-arches-development-corporation-3719285370?refId=xyg2KwZoKJC2pzS8xcSJIA%3D%3D&trackingId=cktp5uajVkDbqdcwgMep%2Fg%3D%3D&position=14&pageNum=0&trk=public_jobs_jserp-result_search-card,data and analytics,Technical Business Analyst,McDonald's Philippines (Golden Arches Development Corporation),https://ph.linkedin.com/company/golden-arches-development-corp?trk=public_jobs_jserp-result_job-search-card-subtitle,2023-09-13
https://ph.linkedin.com/jobs/view/data-analyst-at-affinityx-3687416576?refId=xyg2KwZoKJC2pzS8xcSJIA%3D%3D&trackingId=apSSjI3UhxMQwULM7ALSkQ%3D%3D&position=15&pageNum=0&trk=public_jobs_jserp-result_search-card,data and analytics,Data Analyst,AffinityX,https://www.linkedin.com/company/affinityxinc?trk=public_jobs_jserp-result_job-search-card-subtitle,2023-07-20
https://ph.linkedin.com/jobs/view/software-developer-at-crewbloom-3719411380?refId=BTnRmlLO2YTZ8QJDkTaLCA%3D%3D&trackingId=npyIclWT3%2B4AndIpr4He4A%3D%3D&position=11&pageNum=0&trk=public_jobs_jserp-result_search-card,software development,Software Developer,CrewBloom,https://www.linkedin.com/company/crewbloom?trk=public_jobs_jserp-result_job-search-card-subtitle,2023-09-13
https://ph.linkedin.com/jobs/view/full-stack-developer-at-xurpas-enterprise-3678933595?refId=BTnRmlLO2YTZ8QJDkTaLCA%3D%3D&trackingId=Ofd4dfQbhCsOlZReDy3UZg%3D%3D&position=12&pageNum=0&trk=public_jobs_jserp-result_search-card,software development,Full Stack Developer,Xurpas Enterprise,https://ph.linkedin.com/company/xurpasenterprise?trk=public_jobs_jserp-result_job-search-card-subtitle,2023-07-31
https://ph.linkedin.com/jobs/view/software-engineer-i-entry-level-at-stealth-monitoring-inc-3660025601?refId=BTnRmlLO2YTZ8QJDkTaLCA%3D%3D&trackingId=Z9F4eAJd2yVfIj771lIBlA%3D%3D&position=13&pageNum=0&trk=public_jobs_jserp-result_search-card,software development,Software Engineer I (Entry Level),"Stealth Monitoring, Inc.",https://www.linkedin.com/company/stealth-monitoring-inc-?trk=public_jobs_jserp-result_job-search-card-subtitle,2023-07-10
https://ph.linkedin.com/jobs/view/software-developer-at-icas-technology-s-pte-ltd-3630642226?refId=BTnRmlLO2YTZ8QJDkTaLCA%3D%3D&trackingId=iJxWg6w5H0TJcxTfV8Sb0w%3D%3D&position=14&pageNum=0&trk=public_jobs_jserp-result_search-card,software development,Software Developer,ICAS Technology (S) Pte Ltd,https://sg.linkedin.com/company/icastechnologys?trk=public_jobs_jserp-result_job-search-card-subtitle,2023-05-15
https://ph.linkedin.com/jobs/view/computer-engineer-at-eram-talent-3699747017?refId=emCdHeIHpKmSUszloLKiyQ%3D%3D&trackingId=FNNJX9unCCYrtEKR1aRNcA%3D%3D&position=18&pageNum=0&trk=public_jobs_jserp-result_search-card,networking and infrastructure,Computer Engineer,Eram Talent,https://sa.linkedin.com/company/eramtalent?trk=public_jobs_jserp-result_job-search-card-subtitle,2023-08-20
https://ph.linkedin.com/jobs/view/it-security-senior-analyst-at-bdo-unibank-3647305056?refId=emCdHeIHpKmSUszloLKiyQ%3D%3D&trackingId=srVd3IfgQBgxAsVaeChxyQ%3D%3D&position=19&pageNum=0&trk=public_jobs_jserp-result_search-card,networking and infrastructure,IT Security Senior Analyst,BDO Unibank,https://ph.linkedin.com/company/bdo-unibank?trk=public_jobs_jserp-result_job-search-card-subtitle,2023-08-30
https://ph.linkedin.com/jobs/view/data-analyst-at-demandscience-3696042308?refId=xyg2KwZoKJC2pzS8xcSJIA%3D%3D&trackingId=C4cTeituBXMF8TpMYDX4vg%3D%3D&position=16&pageNum=0&trk=public_jobs_jserp-result_search-card,data and analytics,Data Analyst,DemandScience,https://www.linkedin.com/company/demandscience?trk=public_jobs_jserp-result_job-search-card-subtitle,2023-08-24
https://ph.linkedin.com/jobs/view/executive-analytics-insights-at-nielseniq-3709358847?refId=xyg2KwZoKJC2pzS8xcSJIA%3D%3D&trackingId=o7AsMoNEeTADDpw7q%2FfT6A%3D%3D&position=17&pageNum=0&trk=public_jobs_jserp-result_search-card,data and analytics,"Executive, Analytics & Insights",NielsenIQ,https://www.linkedin.com/company/nielseniq?trk=public_jobs_jserp-result_job-search-card-subtitle,2023-09-04
https://ph.linkedin.com/jobs/view/data-analyst-dayshift-hybrid-50k-120k-at-eastvantage-3654827300?refId=xyg2KwZoKJC2pzS8xcSJIA%3D%3D&trackingId=z8CnVL1ujFEld5%2BQcTazRg%3D%3D&position=18&pageNum=0&trk=public_jobs_jserp-result_search-card,data and analytics,>Data Analyst | Dayshift | Hybrid | 50k-120k,Eastvantage,https://ph.linkedin.com/company/eastvantage?trk=public_jobs_jserp-result_job-search-card-subtitle,2023-07-04
https://ph.linkedin.com/jobs/view/full-stack-developer-at-xurpas-enterprise-3687034211?refId=BTnRmlLO2YTZ8QJDkTaLCA%3D%3D&trackingId=XM9tIk5GF0elXzCAyOoIBQ%3D%3D&position=15&pageNum=0&trk=public_jobs_jserp-result_search-card,software development,Full Stack Developer,Xurpas Enterprise,https://ph.linkedin.com/company/xurpasenterprise?trk=public_jobs_jserp-result_job-search-card-subtitle,2023-08-08
https://ph.linkedin.com/jobs/view/intern-developer-remote-at-mind-you-3677780444?refId=BTnRmlLO2YTZ8QJDkTaLCA%3D%3D&trackingId=HPc9v3HI4%2BJMHG6TaCV5xA%3D%3D&position=16&pageNum=0&trk=public_jobs_jserp-result_search-card,software development,Intern Developer (Remote),Mind You,https://ph.linkedin.com/company/mind-you-philippines?trk=public_jobs_jserp-result_job-search-card-subtitle,2023-07-27
https://ph.linkedin.com/jobs/view/junior-frontend-developer-remote-internship-%E2%80%93-it-at-talentkompass-deutschland-3710555781?refId=BTnRmlLO2YTZ8QJDkTaLCA%3D%3D&trackingId=m7hos3CO5JMEdqCihcftlA%3D%3D&position=17&pageNum=0&trk=public_jobs_jserp-result_search-card,software development,Junior Frontend Developer (Remote Internship – IT),TalentKompass Deutschland,https://www.linkedin.com/company/talentkompass-deutschland?trk=public_jobs_jserp-result_job-search-card-subtitle,2023-09-11
https://ph.linkedin.com/jobs/view/it-facilities-operator-at-intouchcx-3590319432?refId=emCdHeIHpKmSUszloLKiyQ%3D%3D&trackingId=q133AkKL%2BZYIjPj6xhX%2FZw%3D%3D&position=20&pageNum=0&trk=public_jobs_jserp-result_search-card,networking and infrastructure,IT Facilities Operator,IntouchCX,https://ca.linkedin.com/company/intouchcx?trk=public_jobs_jserp-result_job-search-card-subtitle,2023-04-03
https://ph.linkedin.com/jobs/view/it-asset-management-at-filinvest-development-corporation-3687071270?refId=emCdHeIHpKmSUszloLKiyQ%3D%3D&trackingId=0v%2FxwS42w47ZZKBHg%2FiNYA%3D%3D&position=21&pageNum=0&trk=public_jobs_jserp-result_search-card,networking and infrastructure,IT - Asset Management,Filinvest Development Corporation,https://ph.linkedin.com/company/filinvestgroup?trk=public_jobs_jserp-result_job-search-card-subtitle,2023-08-08
https://ph.linkedin.com/jobs/view/data-analyst-saas-at-tribute-technology-3638343633?refId=xyg2KwZoKJC2pzS8xcSJIA%3D%3D&trackingId=ZZ%2FLDMkmVvJtPfcVH2fCow%3D%3D&position=19&pageNum=0&trk=public_jobs_jserp-result_search-card,data and analytics,"Data Analyst, SaaS",Tribute Technology,https://www.linkedin.com/company/tributetechnology?trk=public_jobs_jserp-result_job-search-card-subtitle,2023-06-16
https://ph.linkedin.com/jobs/view/business-data-analyst-at-gamma-interactive-inc-3710667579?refId=xyg2KwZoKJC2pzS8xcSJIA%3D%3D&trackingId=Y6gr5WIfg0O2i4%2FbLWplbw%3D%3D&position=20&pageNum=0&trk=public_jobs_jserp-result_search-card,data and analytics,Business Data Analyst,Gamma Interactive Inc,https://ph.linkedin.com/company/gamma-interactive-inc?trk=public_jobs_jserp-result_job-search-card-subtitle,2023-09-05
https://ph.linkedin.com/jobs/view/senior-data-analyst-advanced-in-tableau-sql-and-ms-excel-at-growthassistant-3667178798?refId=xyg2KwZoKJC2pzS8xcSJIA%3D%3D&trackingId=wF2XXH5ayMohaD918PMTAw%3D%3D&position=21&pageNum=0&trk=public_jobs_jserp-result_search-card,data and analytics,"Senior Data Analyst (Advanced in Tableau, SQL, and MS Excel)",GrowthAssistant,https://www.linkedin.com/company/growth-assistant?trk=public_jobs_jserp-result_job-search-card-subtitle,2023-06-22
https://ph.linkedin.com/jobs/view/junior-data-scientist-at-quadrant-io-3719408670?refId=xyg2KwZoKJC2pzS8xcSJIA%3D%3D&trackingId=Oo6NCmXiDOLs7VeEp9CqMw%3D%3D&position=22&pageNum=0&trk=public_jobs_jserp-result_search-card,data and analytics,Junior Data Scientist,Quadrant.io,https://sg.linkedin.com/company/quadrantio?trk=public_jobs_jserp-result_job-search-card-subtitle,2023-09-13
https://ph.linkedin.com/jobs/view/jr-software-engineer-fullstack-hybrid-at-sprout-solutions-3712646277?refId=BTnRmlLO2YTZ8QJDkTaLCA%3D%3D&trackingId=YzhJjrtAD%2FtBDun8%2BgI%2BqQ%3D%3D&position=18&pageNum=0&trk=public_jobs_jserp-result_search-card,software development,Jr. Software Engineer Fullstack (Hybrid),Sprout Solutions,https://ph.linkedin.com/company/sprouthrtech?trk=public_jobs_jserp-result_job-search-card-subtitle,2023-09-07
https://ph.linkedin.com/jobs/view/software-engineer-backend-at-joyride-superapp-3695201622?refId=BTnRmlLO2YTZ8QJDkTaLCA%3D%3D&trackingId=fMYpTg6jnKPurqVr3TNJKA%3D%3D&position=19&pageNum=0&trk=public_jobs_jserp-result_search-card,software development,Software Engineer | Backend,JoyRide Superapp,https://ph.linkedin.com/company/joyride-ph?trk=public_jobs_jserp-result_job-search-card-subtitle,2023-08-16
https://ph.linkedin.com/jobs/view/full-stack-developer-at-mynextfilm-3630642290?refId=BTnRmlLO2YTZ8QJDkTaLCA%3D%3D&trackingId=SxXAOWH6Vn%2FBhTSQpm%2Bmjw%3D%3D&position=20&pageNum=0&trk=public_jobs_jserp-result_search-card,software development,Full Stack Developer,MyNextFilm,https://in.linkedin.com/company/my-next-film?trk=public_jobs_jserp-result_job-search-card-subtitle,2023-05-16
https://ph.linkedin.com/jobs/view/front-end-react-js-developer-remote-at-questronix-corporation-3598184153?refId=BTnRmlLO2YTZ8QJDkTaLCA%3D%3D&trackingId=KeewjjogH1tel7ELuJYyMw%3D%3D&position=21&pageNum=0&trk=public_jobs_jserp-result_search-card,software development,Front End React JS Developer (Remote),Questronix Corporation,https://ph.linkedin.com/company/questronixcorp?trk=public_jobs_jserp-result_job-search-card-subtitle,2023-05-05
https://ph.linkedin.com/jobs/view/software-developer-at-filinvest-development-corporation-3684373815?refId=BTnRmlLO2YTZ8QJDkTaLCA%3D%3D&trackingId=IwL0c7rScjFwh5jf89DTtg%3D%3D&position=22&pageNum=0&trk=public_jobs_jserp-result_search-card,software development,Software Developer,Filinvest Development Corporation,https://ph.linkedin.com/company/filinvestgroup?trk=public_jobs_jserp-result_job-search-card-subtitle,2023-08-04
https://ph.linkedin.com/jobs/view/it-specialist-at-philippian-marketing-corporation-3647880668?refId=emCdHeIHpKmSUszloLKiyQ%3D%3D&trackingId=w%2Fou7WtrzEKiW6eahaeBFw%3D%3D&position=22&pageNum=0&trk=public_jobs_jserp-result_search-card,networking and infrastructure,IT Specialist,Philippian Marketing Corporation,https://ph.linkedin.com/company/philippian-marketing-corporation?trk=public_jobs_jserp-result_job-search-card-subtitle,2023-06-28
https://ph.linkedin.com/jobs/view/system-administrator-onsite-makati-at-eastvantage-3680448225?refId=emCdHeIHpKmSUszloLKiyQ%3D%3D&trackingId=68ZJrxyEBp03%2B52kvDS5PA%3D%3D&position=23&pageNum=0&trk=public_jobs_jserp-result_search-card,networking and infrastructure,System Administrator | Onsite | Makati,Eastvantage,https://ph.linkedin.com/company/eastvantage?trk=public_jobs_jserp-result_job-search-card-subtitle,2023-07-05
https://ph.linkedin.com/jobs/view/it-operations-engineer-at-encora-inc-3714658207?refId=emCdHeIHpKmSUszloLKiyQ%3D%3D&trackingId=TNdHcHk358TJDGRBCFbcDQ%3D%3D&position=24&pageNum=0&trk=public_jobs_jserp-result_search-card,networking and infrastructure,IT Operations Engineer,Encora Inc.,https://www.linkedin.com/company/encorainc?trk=public_jobs_jserp-result_job-search-card-subtitle,2023-09-12
https://ph.linkedin.com/jobs/view/it-infrastructure-specialist-1-2-years-of-experience-work-on-site-bgc-at-eastvantage-3596717284?refId=emCdHeIHpKmSUszloLKiyQ%3D%3D&trackingId=gQrXmqxvdoDJTI0AOBMUwg%3D%3D&position=25&pageNum=0&trk=public_jobs_jserp-result_search-card,networking and infrastructure,IT Infrastructure Specialist (1-2 years of experience | Work On-Site | BGC),Eastvantage,https://ph.linkedin.com/company/eastvantage?trk=public_jobs_jserp-result_job-search-card-subtitle,2023-04-08
https://ph.linkedin.com/jobs/view/data-analyst-senior-associate-at-sgv-co-3694110487?refId=xyg2KwZoKJC2pzS8xcSJIA%3D%3D&trackingId=wAom%2Brj3VOc9yRhqW0rllw%3D%3D&position=23&pageNum=0&trk=public_jobs_jserp-result_search-card,data and analytics,Data Analyst - Senior Associate,SGV & Co.,https://ph.linkedin.com/company/sgv--co?trk=public_jobs_jserp-result_job-search-card-subtitle,2023-08-29
https://ph.linkedin.com/jobs/view/data-analyst-at-outsourced-3715189147?refId=xyg2KwZoKJC2pzS8xcSJIA%3D%3D&trackingId=nsHDuhDf4oJ1sU3eFI7b5Q%3D%3D&position=24&pageNum=0&trk=public_jobs_jserp-result_search-card,data and analytics,Data Analyst,Outsourced,https://ph.linkedin.com/company/outsourced-quality-assured-services?trk=public_jobs_jserp-result_job-search-card-subtitle,2023-09-08
https://ph.linkedin.com/jobs/view/junior-data-analyst-at-yiren-outdoor-leisure-supplies-co-ltd-3719412034?refId=xyg2KwZoKJC2pzS8xcSJIA%3D%3D&trackingId=u5iszN8UXTCSMRgMIXyx8w%3D%3D&position=25&pageNum=0&trk=public_jobs_jserp-result_search-card,data and analytics,Junior Data Analyst,"YIREN Outdoor leisure supplies Co., ltd.",https://www.linkedin.com/company/yiren-outdoor-leisure-supplies-co.-ltd.?trk=public_jobs_jserp-result_job-search-card-subtitle,2023-09-13
https://ph.linkedin.com/jobs/view/software-developer-at-slmp-digital-services-corporation-3695204687?refId=BTnRmlLO2YTZ8QJDkTaLCA%3D%3D&trackingId=wj8HAOuolbGlWISVS7KoWA%3D%3D&position=23&pageNum=0&trk=public_jobs_jserp-result_search-card,software development,Software Developer,SLMP Digital Services Corporation,https://ph.linkedin.com/company/slmp-digital-corporation?trk=public_jobs_jserp-result_job-search-card-subtitle,2023-08-16
https://ph.linkedin.com/jobs/view/full-stack-software-developer-at-studio-sekai-3609301167?refId=BTnRmlLO2YTZ8QJDkTaLCA%3D%3D&trackingId=XCVFJy18mhPvr84Grt1L7A%3D%3D&position=24&pageNum=0&trk=public_jobs_jserp-result_search-card,software development,Full-Stack Software Developer,Studio Sekai,https://ph.linkedin.com/company/studiosekai?trk=public_jobs_jserp-result_job-search-card-subtitle,2023-04-21
https://ph.linkedin.com/jobs/view/reactjs-developer-at-geco-asia-pte-ltd-3712531541?refId=BTnRmlLO2YTZ8QJDkTaLCA%3D%3D&trackingId=7ZZIWCea1jVIwGUTtDfB7Q%3D%3D&position=25&pageNum=0&trk=public_jobs_jserp-result_search-card,software development,ReactJS Developer,GECO Asia Pte Ltd,https://sg.linkedin.com/company/gecoasia?trk=public_jobs_jserp-result_job-search-card-subtitle,2023-09-05
