field,field_name,description,explanation
1,Software Development,"Involves the process of designing, coding, testing, and maintaining software programs and applications. Software developers use various programming languages and tools to create functional and efficient software solutions.","Recommendations based on proficiency in programming languages, experience in software development projects, and a strong understanding of algorithms and data structures."
2,Data and Analytics,"Focuses on collecting, analyzing, and interpreting data to extract valuable insights and support decision-making. Professionals in this field use statistical techniques, data visualization, and machine learning to derive meaningful information from data sets.","Recommendations based on expertise in data analysis, statistical modeling, and knowledge of data visualization tools. Users may be recommended if they have a background in handling and interpreting large datasets."
3,Design and UX/UI,"Encompasses the creation of visually appealing and user-friendly designs for websites, applications, and products. UX/UI designers focus on optimizing the user experience, ensuring ease of use, and enhancing overall aesthetics.","Recommendations could be based on a user's portfolio showcasing strong design skills, creativity, and a focus on creating positive user experiences. Previous work in interface design and usability testing may contribute to recommendations."
4,Product Management,"Involves overseeing the development and lifecycle of a product from conception to market launch. Product managers collaborate with cross-functional teams, set product strategies, and ensure the product meets customer needs and business goals.","Users with a history of successful project management, leadership skills, and the ability to define and execute product strategies may be recommended. Experience in market analysis and understanding customer needs could also play a role."
5,Testing and Quality Assurance,"Focuses on ensuring that software applications and systems meet quality standards. QA professionals are involved in the testing process to identify and resolve defects, ensuring the reliability and performance of software.","Recommendations may be based on a user's expertise in software testing, quality assurance methodologies, and the ability to identify and resolve software defects. A history of ensuring high-quality deliverables could be a contributing factor."
6,Security,"Addresses the protection of computer systems, networks, and data from unauthorized access, attacks, and damage. Security professionals implement measures to safeguard information and prevent security breaches.","Users with a background in cybersecurity, knowledge of security protocols, and experience in implementing security measures may be recommended. Strong ethical hacking skills or certifications in cybersecurity could also contribute."
7,Networking and Infrastructure,"Involves the design, implementation, and maintenance of computer networks and infrastructure. Networking professionals ensure the smooth functioning of communication systems and the availability of IT resources.","Recommendations might be based on a user's experience in network design, implementation, and maintenance. Skills in configuring and managing IT infrastructure, along with certifications in networking, may be considered."
8,Project Management,"Involves planning, organizing, and overseeing the execution of projects to achieve specific goals. Project managers are responsible for coordinating resources, managing timelines, and delivering projects within scope and budget.","Users with a proven track record in project management, effective communication skills, and the ability to lead cross-functional teams may be recommended. Relevant certifications in project management could strengthen recommendations."
9,Business and Strategy,"Focuses on the strategic planning and management of business operations. Professionals in this field analyze market trends, develop business plans, and implement strategies to enhance organizational performance.","Recommendations may be based on a user's understanding of business operations, strategic planning skills, and experience in market analysis. Users with a background in formulating and implementing business strategies may be considered."
10,Emerging and Specialized,"Encompasses new and specialized areas within the technology industry that may be evolving or niche. This category may include fields such as emerging technologies, specialized domains, or unique industry-specific expertise.","Recommendations in this category could be based on a user's expertise in emerging technologies, specialized domains, or unique industry-specific knowledge. Continuous learning, certifications, and practical experience in niche areas may contribute to recommendations."